;;3. EXTRATO BANCÁRIO;;
;;Todos os valores de entradas por mês ;;
;;;;
;;DATA;CATEGORIA;VALOR
;;25/07/2026;Holerite;
;;;;
;;;;
APP do LEÃO;;;;
;;;;
TITULAR;;;;
;;;;
;;;;
INFORMES;;;;
;;;;
;;;;
;;;;
;;;;
;;;;
;;;;
;;;;
;;;;
;;;;
;;;;
;;ANTERIOR;;
;;;;
;;;;
;;;;
;;;;
;;;;
;;;;
;;;;
;;;;
;;;;
;;;;
;;;;
;;;;
;;;;
;;;;
;;;;
;;;;
;;;;
;;;;
;;;;
;;;;
;;;;
;;;;
;;;;
;;;;
;;;;
;;;;
;;;;
;;;;
;;;;
;;;;
;;;;
;;;;
;;;;
;;;;
;;;;
;;;;
;;;;
;;;;
;;;;
;;;;
;;;;
;;;;
